,BTC-USD,CSPX.L,BNO,AMZN,IEF
0,0.0703957628853689,0.200003365685077,0.013841456084450103,0.15248144710829237,0.5632779682368116
