,BTC-USD,CSPX.L,BNO,AMZN
0,0.2543860953780623,0.3766786678603265,0.0032886427457575963,0.3656465940158537
