,BTC-USD,CSPX.L,IEF,FILL,PALL
0,0.10101388095178851,0.3588854749643899,0.514946645025323,0.0009628547412730258,0.024191144317225587
